Level,Item,Type,ItemDesc,Commodity Code,Supplier,Region,Year,Quarter,Answer,Price,Quantity,ExtendedPrice,Color,Size
0,1,Section,Introduction,,,,,,Four score and sever years ago our RFX designer ...,,,,,
1,1.1,Question,Question #1,,,,,,This is an overview section -- no supplier responses,,,,,
1,1.2,Question,Supplier Non-matrixed,,Dell,,,,Supplier 1 says YES,,,,,
1,1.2,Question,Supplier Non-matrixed,,Apple,,,,Nope,,,,,
1,1.2,Question,Supplier Non-matrixed,,HP,,,,Not Even,,,,,
1,1.2,Question,Supplier Non-matrixed,,Gateway,,,,Heck yeah,,,,,
1,1.2,Question,Supplier Non-matrixed,,Lenovo,,,,You bet!,,,,,
1,1.3,Question,Matrixed question,,Dell,APAC,2006,Q1,Excellent,,,,,
1,1.3,Question,Matrixed question,,Apple,APAC,2006,Q1,Super,,,,,
1,1.3,Question,Matrixed question,,HP,APAC,2006,Q1,Nifty,,,,,
1,1.3,Question,Matrixed question,,Gateway,APAC,2006,Q1,Not so hot,,,,,
1,1.3,Question,Matrixed question,,Lenovo,APAC,2006,Q1,Bogus,,,,,
1,1.3,Question,Matrixed question,,Dell,EUR,2006,Q1,Excellente,,,,,
1,1.3,Question,Matrixed question,,Apple,EUR,2006,Q1,Superbo,,,,,
1,1.3,Question,Matrixed question,,HP,EUR,2006,Q1,Nifti,,,,,
1,1.3,Question,Matrixed question,,Gateway,EUR,2006,Q1,Not so calliente,,,,,
1,1.3,Question,Matrixed question,,Lenovo,EUR,2006,Q1,Bogusso,,,,,
1,1.3,Question,Matrixed question,,Dell,APAC,2006,Q2,Excellent - 2,,,,,
1,1.3,Question,Matrixed question,,Apple,APAC,2006,Q2,Super -2,,,,,
1,1.3,Question,Matrixed question,,HP,APAC,2006,Q2,Nifty -2 ,,,,,
1,1.3,Question,Matrixed question,,Gateway,APAC,2006,Q2,Not so hot - 2,,,,,
1,1.3,Question,Matrixed question,,Lenovo,APAC,2006,Q2,Bogus - 2,,,,,
1,1.3,Question,Matrixed question,,Dell,EUR,2006,Q2,Excellente - 2,,,,,
1,1.3,Question,Matrixed question,,Apple,EUR,2006,Q2,Superbo - 2,,,,,
1,1.3,Question,Matrixed question,,HP,EUR,2006,Q2,Nifti - 2,,,,,
1,1.3,Question,Matrixed question,,Gateway,EUR,2006,Q2,Not so calliente - 2,,,,,
1,1.3,Question,Matrixed question,,Lenovo,EUR,2006,Q2,Bogusso - 2,,,,,
0,2,Section,Items,,Dell,,,,,10,100,1000,,
0,2,Section,Items,,Gateway,,,,,20,200,40000,,
1,2.1,Section,Ball Bearings,Ball Bearing Parts,,,,,,,,,,
2,2.1,Item,Ball Bearings,Ball Bearing Parts,Best,APAC,2006,Q2,,18,707,12726,Red,Small
2,2.1,Item,Ball Bearings,Ball Bearing Parts,Best,APAC,2006,Q3,,15,890,13350,Green,Medium
2,2.1,Item,Ball Bearings,Ball Bearing Parts,Best,APAC,2006,Q4,,33,779,25707,Blue,Large
2,2.1,Item,Ball Bearings,Ball Bearing Parts,Best,EUR,2006,Q1,,34,399,13566,Red,Huge
2,2.1,Item,Ball Bearings,Ball Bearing Parts,Best,EUR,2006,Q2,,24,85,2040,Green,Small
2,2.1,Item,Ball Bearings,Ball Bearing Parts,Best,EUR,2006,Q3,,28,959,26852,Blue,Medium
2,2.1,Item,Ball Bearings,Ball Bearing Parts,Best,EUR,2006,Q4,,12,821,9852,Red,Large
2,2.1,Item,Ball Bearings,Ball Bearing Parts,Best,USA,2006,Q1,,18,635,11430,Green,Huge
2,2.1,Item,Ball Bearings,Ball Bearing Parts,Best,USA,2006,Q2,,53,632,33496,Blue,Small
2,2.1,Item,Ball Bearings,Ball Bearing Parts,Best,USA,2006,Q3,,1,750,750,Red,Medium
2,2.1,Item,Ball Bearings,Ball Bearing Parts,Best,USA,2006,Q4,,10,327,3270,Green,Large
2,2.1,Item,Ball Bearings,Ball Bearing Parts,Best,APAC,2007,Q1,,57,2,114,Blue,Huge
2,2.1,Item,Ball Bearings,Ball Bearing Parts,Best,APAC,2007,Q2,,4,564,2256,Red,Small
2,2.1,Item,Ball Bearings,Ball Bearing Parts,Best,APAC,2007,Q3,,12,454,5448,Green,Medium
2,2.1,Item,Ball Bearings,Ball Bearing Parts,Best,APAC,2007,Q4,,66,858,56628,Blue,Large
2,2.1,Item,Ball Bearings,Ball Bearing Parts,Best,EUR,2007,Q1,,3,391,1173,Red,Huge
2,2.1,Item,Ball Bearings,Ball Bearing Parts,Best,EUR,2007,Q2,,28,23,644,Green,Small
2,2.1,Item,Ball Bearings,Ball Bearing Parts,Best,EUR,2007,Q3,,88,8,704,Blue,Medium
2,2.1,Item,Ball Bearings,Ball Bearing Parts,Best,EUR,2007,Q4,,7,61,427,Red,Large
2,2.1,Item,Ball Bearings,Ball Bearing Parts,Best,USA,2007,Q1,,36,231,8316,Green,Huge
2,2.1,Item,Ball Bearings,Ball Bearing Parts,Best,USA,2007,Q2,,26,202,5252,Blue,Small
2,2.1,Item,Ball Bearings,Ball Bearing Parts,Best,USA,2007,Q3,,6,100,600,Red,Medium
2,2.1,Item,Ball Bearings,Ball Bearing Parts,Best,USA,2007,Q4,,39,538,20982,Green,Large
2,2.1,Item,Ball Bearings,Ball Bearing Parts,Historical,APAC,2006,Q2,,70,1083,75810,Blue,Huge
2,2.1,Item,Ball Bearings,Ball Bearing Parts,Historical,APAC,2006,Q3,,142,172,24424,Red,Small
2,2.1,Item,Ball Bearings,Ball Bearing Parts,Historical,APAC,2006,Q4,,7,538,3766,Green,Medium
2,2.1,Item,Ball Bearings,Ball Bearing Parts,Historical,EUR,2006,Q1,,32,131,4192,Blue,Large
2,2.1,Item,Ball Bearings,Ball Bearing Parts,Historical,EUR,2006,Q2,,23,92,2116,Red,Huge
2,2.1,Item,Ball Bearings,Ball Bearing Parts,Historical,EUR,2006,Q3,,12,68,816,Green,Small
2,2.1,Item,Ball Bearings,Ball Bearing Parts,Historical,EUR,2006,Q4,,136,401,54536,Blue,Medium
2,2.1,Item,Ball Bearings,Ball Bearing Parts,Historical,USA,2006,Q1,,55,21,1155,Red,Large
2,2.1,Item,Ball Bearings,Ball Bearing Parts,Historical,USA,2006,Q2,,16,387,6192,Green,Huge
2,2.1,Item,Ball Bearings,Ball Bearing Parts,Historical,USA,2006,Q3,,58,1234,71572,Blue,Small
2,2.1,Item,Ball Bearings,Ball Bearing Parts,Historical,USA,2006,Q4,,83,32,2656,Red,Medium
2,2.1,Item,Ball Bearings,Ball Bearing Parts,Historical,APAC,2007,Q1,,87,1162,101094,Green,Large
2,2.1,Item,Ball Bearings,Ball Bearing Parts,Historical,APAC,2007,Q2,,17,175,2975,Blue,Huge
2,2.1,Item,Ball Bearings,Ball Bearing Parts,Historical,APAC,2007,Q3,,48,69,3312,Red,Small
2,2.1,Item,Ball Bearings,Ball Bearing Parts,Historical,APAC,2007,Q4,,79,339,26781,Green,Medium
2,2.1,Item,Ball Bearings,Ball Bearing Parts,Historical,EUR,2007,Q1,,76,92,6992,Blue,Large
2,2.1,Item,Ball Bearings,Ball Bearing Parts,Historical,EUR,2007,Q2,,10,773,7730,Red,Huge
2,2.1,Item,Ball Bearings,Ball Bearing Parts,Historical,EUR,2007,Q3,,114,92,10488,Green,Small
2,2.1,Item,Ball Bearings,Ball Bearing Parts,Historical,EUR,2007,Q4,,7,52,364,Blue,Medium
2,2.1,Item,Ball Bearings,Ball Bearing Parts,Historical,USA,2007,Q1,,17,41,697,Red,Large
2,2.1,Item,Ball Bearings,Ball Bearing Parts,Historical,USA,2007,Q2,,51,1096,55896,Green,Huge
2,2.1,Item,Ball Bearings,Ball Bearing Parts,Historical,USA,2007,Q3,,52,634,32968,Blue,Small
2,2.1,Item,Ball Bearings,Ball Bearing Parts,Historical,USA,2007,Q4,,26,492,12792,Red,Medium
2,2.1,Item,Ball Bearings,Ball Bearing Parts,Initial,APAC,2006,Q2,,43,2,86,Green,Large
2,2.1,Item,Ball Bearings,Ball Bearing Parts,Initial,APAC,2006,Q3,,12,271,3252,Blue,Huge
2,2.1,Item,Ball Bearings,Ball Bearing Parts,Initial,APAC,2006,Q4,,3,997,2991,Red,Small
2,2.1,Item,Ball Bearings,Ball Bearing Parts,Initial,EUR,2006,Q1,,58,237,13746,Green,Medium
2,2.1,Item,Ball Bearings,Ball Bearing Parts,Initial,EUR,2006,Q2,,121,379,45859,Blue,Large
2,2.1,Item,Ball Bearings,Ball Bearing Parts,Initial,EUR,2006,Q3,,63,461,29043,Red,Huge
2,2.1,Item,Ball Bearings,Ball Bearing Parts,Initial,EUR,2006,Q4,,9,200,1800,Green,Small
2,2.1,Item,Ball Bearings,Ball Bearing Parts,Initial,USA,2006,Q1,,18,103,1854,Blue,Medium
2,2.1,Item,Ball Bearings,Ball Bearing Parts,Initial,USA,2006,Q2,,28,768,21504,Red,Large
2,2.1,Item,Ball Bearings,Ball Bearing Parts,Initial,USA,2006,Q3,,26,863,22438,Green,Huge
2,2.1,Item,Ball Bearings,Ball Bearing Parts,Initial,USA,2006,Q4,,67,21,1407,Blue,Small
2,2.1,Item,Ball Bearings,Ball Bearing Parts,Initial,APAC,2007,Q1,,89,1454,129406,Red,Medium
2,2.1,Item,Ball Bearings,Ball Bearing Parts,Initial,APAC,2007,Q2,,26,366,9516,Green,Large
2,2.1,Item,Ball Bearings,Ball Bearing Parts,Initial,APAC,2007,Q3,,8,827,6616,Blue,Huge
2,2.1,Item,Ball Bearings,Ball Bearing Parts,Initial,APAC,2007,Q4,,90,233,20970,Red,Small
2,2.1,Item,Ball Bearings,Ball Bearing Parts,Initial,EUR,2007,Q1,,11,133,1463,Green,Medium
2,2.1,Item,Ball Bearings,Ball Bearing Parts,Initial,EUR,2007,Q2,,39,227,8853,Blue,Large
2,2.1,Item,Ball Bearings,Ball Bearing Parts,Initial,EUR,2007,Q3,,41,70,2870,Red,Huge
2,2.1,Item,Ball Bearings,Ball Bearing Parts,Initial,EUR,2007,Q4,,18,35,630,Green,Small
2,2.1,Item,Ball Bearings,Ball Bearing Parts,Initial,USA,2007,Q1,,23,574,13202,Blue,Medium
2,2.1,Item,Ball Bearings,Ball Bearing Parts,Initial,USA,2007,Q2,,46,505,23230,Red,Large
2,2.1,Item,Ball Bearings,Ball Bearing Parts,Initial,USA,2007,Q3,,27,44,1188,Green,Huge
2,2.1,Item,Ball Bearings,Ball Bearing Parts,Initial,USA,2007,Q4,,40,2,80,Blue,Small
2,2.1,Item,Ball Bearings,Ball Bearing Parts,Dell,APAC,2006,Q2,,49,425,20825,Red,Medium
2,2.1,Item,Ball Bearings,Ball Bearing Parts,Dell,APAC,2006,Q3,,31,23,713,Green,Large
2,2.1,Item,Ball Bearings,Ball Bearing Parts,Dell,APAC,2006,Q4,,40,46,1840,Blue,Huge
2,2.1,Item,Ball Bearings,Ball Bearing Parts,Dell,USA,2006,Q1,,1,38,38,Red,Small
2,2.1,Item,Ball Bearings,Ball Bearing Parts,Dell,USA,2006,Q2,,9,894,8046,Green,Medium
2,2.1,Item,Ball Bearings,Ball Bearing Parts,Dell,USA,2006,Q3,,37,255,9435,Blue,Large
2,2.1,Item,Ball Bearings,Ball Bearing Parts,Dell,USA,2006,Q4,,22,233,5126,Red,Huge
2,2.1,Item,Ball Bearings,Ball Bearing Parts,Dell,APAC,2007,Q1,,30,330,9900,Green,Small
2,2.1,Item,Ball Bearings,Ball Bearing Parts,Dell,APAC,2007,Q2,,64,243,15552,Blue,Medium
2,2.1,Item,Ball Bearings,Ball Bearing Parts,Dell,APAC,2007,Q3,,52,582,30264,Red,Large
2,2.1,Item,Ball Bearings,Ball Bearing Parts,Dell,APAC,2007,Q4,,26,561,14586,Green,Huge
2,2.1,Item,Ball Bearings,Ball Bearing Parts,Dell,USA,2007,Q1,,53,311,16483,Blue,Small
2,2.1,Item,Ball Bearings,Ball Bearing Parts,Dell,USA,2007,Q2,,97,345,33465,Red,Medium
2,2.1,Item,Ball Bearings,Ball Bearing Parts,Dell,USA,2007,Q3,,12,161,1932,Green,Large
2,2.1,Item,Ball Bearings,Ball Bearing Parts,Dell,USA,2007,Q4,,29,44,1276,Blue,Huge
2,2.1,Item,Ball Bearings,Ball Bearing Parts,Apple,APAC,2006,Q2,,45,6,270,Red,Small
2,2.1,Item,Ball Bearings,Ball Bearing Parts,Apple,APAC,2006,Q3,,23,44,1012,Green,Medium
2,2.1,Item,Ball Bearings,Ball Bearing Parts,Apple,APAC,2006,Q4,,31,506,15686,Blue,Large
2,2.1,Item,Ball Bearings,Ball Bearing Parts,Apple,EUR,2006,Q1,,21,1075,22575,Red,Huge
2,2.1,Item,Ball Bearings,Ball Bearing Parts,Apple,EUR,2006,Q2,,54,1182,63828,Green,Small
2,2.1,Item,Ball Bearings,Ball Bearing Parts,Apple,EUR,2006,Q3,,47,789,37083,Blue,Medium
2,2.1,Item,Ball Bearings,Ball Bearing Parts,Apple,EUR,2006,Q4,,22,467,10274,Red,Large
2,2.1,Item,Ball Bearings,Ball Bearing Parts,Apple,USA,2006,Q1,,56,31,1736,Green,Huge
2,2.1,Item,Ball Bearings,Ball Bearing Parts,Apple,USA,2006,Q2,,2,1051,2102,Blue,Small
2,2.1,Item,Ball Bearings,Ball Bearing Parts,Apple,USA,2006,Q3,,98,207,20286,Red,Medium
2,2.1,Item,Ball Bearings,Ball Bearing Parts,Apple,USA,2006,Q4,,47,204,9588,Green,Large
2,2.1,Item,Ball Bearings,Ball Bearing Parts,Apple,APAC,2007,Q1,,68,42,2856,Blue,Huge
2,2.1,Item,Ball Bearings,Ball Bearing Parts,Apple,APAC,2007,Q2,,13,90,1170,Red,Small
2,2.1,Item,Ball Bearings,Ball Bearing Parts,Apple,APAC,2007,Q3,,24,188,4512,Green,Medium
2,2.1,Item,Ball Bearings,Ball Bearing Parts,Apple,APAC,2007,Q4,,30,95,2850,Blue,Large
2,2.1,Item,Ball Bearings,Ball Bearing Parts,Apple,EUR,2007,Q1,,15,133,1995,Red,Huge
2,2.1,Item,Ball Bearings,Ball Bearing Parts,Apple,EUR,2007,Q2,,22,23,506,Green,Small
2,2.1,Item,Ball Bearings,Ball Bearing Parts,Apple,EUR,2007,Q3,,15,1326,19890,Blue,Medium
2,2.1,Item,Ball Bearings,Ball Bearing Parts,Apple,EUR,2007,Q4,,73,172,12556,Red,Large
2,2.1,Item,Ball Bearings,Ball Bearing Parts,Apple,USA,2007,Q1,,11,84,924,Green,Huge
2,2.1,Item,Ball Bearings,Ball Bearing Parts,Apple,USA,2007,Q2,,6,688,4128,Blue,Small
2,2.1,Item,Ball Bearings,Ball Bearing Parts,Apple,USA,2007,Q3,,14,562,7868,Red,Medium
2,2.1,Item,Ball Bearings,Ball Bearing Parts,Apple,USA,2007,Q4,,6,938,5628,Green,Large
2,2.1,Item,Ball Bearings,Ball Bearing Parts,HP,APAC,2006,Q2,,64,61,3904,Blue,Huge
2,2.1,Item,Ball Bearings,Ball Bearing Parts,HP,APAC,2006,Q3,,11,216,2376,Red,Small
2,2.1,Item,Ball Bearings,Ball Bearing Parts,HP,APAC,2006,Q4,,14,709,9926,Green,Medium
2,2.1,Item,Ball Bearings,Ball Bearing Parts,HP,EUR,2006,Q1,,94,456,42864,Blue,Large
2,2.1,Item,Ball Bearings,Ball Bearing Parts,HP,EUR,2006,Q2,,2,244,488,Red,Huge
2,2.1,Item,Ball Bearings,Ball Bearing Parts,HP,EUR,2006,Q3,,56,155,8680,Green,Small
2,2.1,Item,Ball Bearings,Ball Bearing Parts,HP,EUR,2006,Q4,,7,6,42,Blue,Medium
2,2.1,Item,Ball Bearings,Ball Bearing Parts,HP,USA,2006,Q1,,70,39,2730,Red,Large
2,2.1,Item,Ball Bearings,Ball Bearing Parts,HP,USA,2006,Q2,,63,438,27594,Green,Huge
2,2.1,Item,Ball Bearings,Ball Bearing Parts,HP,USA,2006,Q3,,52,1059,55068,Blue,Small
2,2.1,Item,Ball Bearings,Ball Bearing Parts,HP,APAC,2007,Q1,,2,742,1484,Red,Medium
2,2.1,Item,Ball Bearings,Ball Bearing Parts,HP,APAC,2007,Q2,,13,988,12844,Green,Large
2,2.1,Item,Ball Bearings,Ball Bearing Parts,HP,APAC,2007,Q3,,8,403,3224,Blue,Huge
2,2.1,Item,Ball Bearings,Ball Bearing Parts,HP,APAC,2007,Q4,,20,148,2960,Red,Small
2,2.1,Item,Ball Bearings,Ball Bearing Parts,HP,EUR,2007,Q1,,37,269,9953,Green,Medium
2,2.1,Item,Ball Bearings,Ball Bearing Parts,HP,EUR,2007,Q2,,128,378,48384,Blue,Large
2,2.1,Item,Ball Bearings,Ball Bearing Parts,HP,EUR,2007,Q3,,50,581,29050,Red,Huge
2,2.1,Item,Ball Bearings,Ball Bearing Parts,HP,EUR,2007,Q4,,2,1309,2618,Green,Small
2,2.1,Item,Ball Bearings,Ball Bearing Parts,HP,USA,2007,Q1,,20,525,10500,Blue,Medium
2,2.1,Item,Ball Bearings,Ball Bearing Parts,HP,USA,2007,Q2,,99,97,9603,Red,Large
2,2.1,Item,Ball Bearings,Ball Bearing Parts,HP,USA,2007,Q3,,1,709,709,Green,Huge
2,2.1,Item,Ball Bearings,Ball Bearing Parts,HP,USA,2007,Q4,,33,308,10164,Blue,Small
2,2.1,Item,Ball Bearings,Ball Bearing Parts,Gateway,APAC,2006,Q2,,11,679,7469,Red,Medium
2,2.1,Item,Ball Bearings,Ball Bearing Parts,Gateway,APAC,2006,Q3,,71,166,11786,Green,Large
2,2.1,Item,Ball Bearings,Ball Bearing Parts,Gateway,APAC,2006,Q4,,85,174,14790,Blue,Huge
2,2.1,Item,Ball Bearings,Ball Bearing Parts,Gateway,EUR,2006,Q1,,104,21,2184,Red,Small
2,2.1,Item,Ball Bearings,Ball Bearing Parts,Gateway,EUR,2006,Q2,,63,424,26712,Green,Medium
2,2.1,Item,Ball Bearings,Ball Bearing Parts,Gateway,EUR,2006,Q3,,34,15,510,Blue,Large
2,2.1,Item,Ball Bearings,Ball Bearing Parts,Gateway,EUR,2006,Q4,,115,12,1380,Red,Huge
2,2.1,Item,Ball Bearings,Ball Bearing Parts,Gateway,USA,2006,Q1,,82,893,73226,Green,Small
2,2.1,Item,Ball Bearings,Ball Bearing Parts,Gateway,USA,2006,Q2,,57,0,0,Blue,Medium
2,2.1,Item,Ball Bearings,Ball Bearing Parts,Gateway,USA,2006,Q3,,64,737,47168,Red,Large
2,2.1,Item,Ball Bearings,Ball Bearing Parts,Gateway,USA,2006,Q4,,49,471,23079,Green,Huge
2,2.1,Item,Ball Bearings,Ball Bearing Parts,Gateway,APAC,2007,Q1,,10,82,820,Blue,Small
2,2.1,Item,Ball Bearings,Ball Bearing Parts,Gateway,APAC,2007,Q2,,16,62,992,Red,Medium
2,2.1,Item,Ball Bearings,Ball Bearing Parts,Gateway,APAC,2007,Q3,,10,129,1290,Green,Large
2,2.1,Item,Ball Bearings,Ball Bearing Parts,Gateway,APAC,2007,Q4,,21,301,6321,Blue,Huge
2,2.1,Item,Ball Bearings,Ball Bearing Parts,Gateway,EUR,2007,Q1,,52,633,32916,Red,Small
2,2.1,Item,Ball Bearings,Ball Bearing Parts,Gateway,EUR,2007,Q2,,28,338,9464,Green,Medium
2,2.1,Item,Ball Bearings,Ball Bearing Parts,Gateway,EUR,2007,Q3,,55,207,11385,Blue,Large
2,2.1,Item,Ball Bearings,Ball Bearing Parts,Gateway,EUR,2007,Q4,,15,98,1470,Red,Huge
2,2.1,Item,Ball Bearings,Ball Bearing Parts,Gateway,USA,2007,Q1,,1,0,0,Green,Small
2,2.1,Item,Ball Bearings,Ball Bearing Parts,Gateway,USA,2007,Q2,,49,18,882,Blue,Medium
2,2.1,Item,Ball Bearings,Ball Bearing Parts,Gateway,USA,2007,Q3,,47,577,27119,Red,Large
2,2.1,Item,Ball Bearings,Ball Bearing Parts,Gateway,USA,2007,Q4,,78,516,40248,Green,Huge
2,2.1,Item,Ball Bearings,Ball Bearing Parts,Lenovo,APAC,2006,Q2,,18,188,3384,Blue,Small
2,2.1,Item,Ball Bearings,Ball Bearing Parts,Lenovo,APAC,2006,Q3,,81,471,38151,Red,Medium
2,2.1,Item,Ball Bearings,Ball Bearing Parts,Lenovo,APAC,2006,Q4,,3,74,222,Green,Large
2,2.1,Item,Ball Bearings,Ball Bearing Parts,Lenovo,EUR,2006,Q1,,89,922,82058,Blue,Huge
2,2.1,Item,Ball Bearings,Ball Bearing Parts,Lenovo,EUR,2006,Q2,,3,824,2472,Red,Small
2,2.1,Item,Ball Bearings,Ball Bearing Parts,Lenovo,EUR,2006,Q3,,8,190,1520,Green,Medium
2,2.1,Item,Ball Bearings,Ball Bearing Parts,Lenovo,EUR,2006,Q4,,25,9,225,Blue,Large
2,2.1,Item,Ball Bearings,Ball Bearing Parts,Lenovo,USA,2006,Q1,,20,659,13180,Red,Huge
2,2.1,Item,Ball Bearings,Ball Bearing Parts,Lenovo,USA,2006,Q2,,57,173,9861,Green,Small
2,2.1,Item,Ball Bearings,Ball Bearing Parts,Lenovo,USA,2006,Q3,,122,143,17446,Blue,Medium
2,2.1,Item,Ball Bearings,Ball Bearing Parts,Lenovo,USA,2006,Q4,,110,174,19140,Red,Large
2,2.1,Item,Ball Bearings,Ball Bearing Parts,Lenovo,APAC,2007,Q1,,39,310,12090,Green,Huge
2,2.1,Item,Ball Bearings,Ball Bearing Parts,Lenovo,APAC,2007,Q2,,13,456,5928,Blue,Small
2,2.1,Item,Ball Bearings,Ball Bearing Parts,Lenovo,APAC,2007,Q3,,54,1123,60642,Red,Medium
2,2.1,Item,Ball Bearings,Ball Bearing Parts,Lenovo,APAC,2007,Q4,,2,99,198,Green,Large
2,2.1,Item,Ball Bearings,Ball Bearing Parts,Lenovo,EUR,2007,Q1,,4,475,1900,Blue,Huge
2,2.1,Item,Ball Bearings,Ball Bearing Parts,Lenovo,EUR,2007,Q2,,52,453,23556,Red,Small
2,2.1,Item,Ball Bearings,Ball Bearing Parts,Lenovo,EUR,2007,Q3,,35,278,9730,Green,Medium
2,2.1,Item,Ball Bearings,Ball Bearing Parts,Lenovo,EUR,2007,Q4,,41,91,3731,Blue,Large
2,2.1,Item,Ball Bearings,Ball Bearing Parts,Lenovo,USA,2007,Q1,,3,160,480,Red,Huge
2,2.1,Item,Ball Bearings,Ball Bearing Parts,Lenovo,USA,2007,Q2,,7,623,4361,Green,Small
2,2.1,Item,Ball Bearings,Ball Bearing Parts,Lenovo,USA,2007,Q3,,9,998,8982,Blue,Medium
2,2.1,Item,Ball Bearings,Ball Bearing Parts,Lenovo,USA,2007,Q4,,33,226,7458,Red,Large
1,2.2,Section,Bolts,Bolt Parts,,,,,,,,,,
2,2.2,Item,Bolts,Bolt Parts,Best,APAC,2006,Q2,,3,83,249,Green,Huge
2,2.2,Item,Bolts,Bolt Parts,Best,APAC,2006,Q3,,1,639,639,Blue,Small
2,2.2,Item,Bolts,Bolt Parts,Best,APAC,2006,Q4,,14,83,1162,Red,Medium
2,2.2,Item,Bolts,Bolt Parts,Best,EUR,2006,Q1,,47,496,23312,Green,Large
2,2.2,Item,Bolts,Bolt Parts,Best,EUR,2006,Q2,,25,82,2050,Blue,Huge
2,2.2,Item,Bolts,Bolt Parts,Best,EUR,2006,Q3,,82,378,30996,Red,Small
2,2.2,Item,Bolts,Bolt Parts,Best,EUR,2006,Q4,,26,297,7722,Green,Medium
2,2.2,Item,Bolts,Bolt Parts,Best,USA,2006,Q1,,3,8,24,Blue,Large
2,2.2,Item,Bolts,Bolt Parts,Best,USA,2006,Q2,,12,702,8424,Red,Huge
2,2.2,Item,Bolts,Bolt Parts,Best,USA,2006,Q3,,17,298,5066,Green,Small
2,2.2,Item,Bolts,Bolt Parts,Best,USA,2006,Q4,,10,536,5360,Blue,Medium
2,2.2,Item,Bolts,Bolt Parts,Best,APAC,2007,Q1,,91,67,6097,Red,Large
2,2.2,Item,Bolts,Bolt Parts,Best,APAC,2007,Q2,,24,383,9192,Green,Huge
2,2.2,Item,Bolts,Bolt Parts,Best,APAC,2007,Q3,,7,339,2373,Blue,Small
2,2.2,Item,Bolts,Bolt Parts,Best,APAC,2007,Q4,,58,130,7540,Red,Medium
2,2.2,Item,Bolts,Bolt Parts,Best,EUR,2007,Q1,,41,390,15990,Green,Large
2,2.2,Item,Bolts,Bolt Parts,Best,EUR,2007,Q2,,2,128,256,Blue,Huge
2,2.2,Item,Bolts,Bolt Parts,Best,EUR,2007,Q3,,50,179,8950,Red,Small
2,2.2,Item,Bolts,Bolt Parts,Best,EUR,2007,Q4,,58,75,4350,Green,Medium
2,2.2,Item,Bolts,Bolt Parts,Best,USA,2007,Q1,,51,114,5814,Blue,Large
2,2.2,Item,Bolts,Bolt Parts,Best,USA,2007,Q2,,93,252,23436,Red,Huge
2,2.2,Item,Bolts,Bolt Parts,Best,USA,2007,Q3,,21,661,13881,Green,Small
2,2.2,Item,Bolts,Bolt Parts,Best,USA,2007,Q4,,96,259,24864,Blue,Medium
2,2.2,Item,Bolts,Bolt Parts,Historical,APAC,2006,Q2,,17,24,408,Red,Large
2,2.2,Item,Bolts,Bolt Parts,Historical,APAC,2006,Q3,,94,30,2820,Green,Huge
2,2.2,Item,Bolts,Bolt Parts,Historical,APAC,2006,Q4,,1,119,119,Blue,Small
2,2.2,Item,Bolts,Bolt Parts,Historical,EUR,2006,Q1,,2,21,42,Red,Medium
2,2.2,Item,Bolts,Bolt Parts,Historical,EUR,2006,Q2,,53,19,1007,Green,Large
2,2.2,Item,Bolts,Bolt Parts,Historical,EUR,2006,Q3,,3,78,234,Blue,Huge
2,2.2,Item,Bolts,Bolt Parts,Historical,EUR,2006,Q4,,13,278,3614,Red,Small
2,2.2,Item,Bolts,Bolt Parts,Historical,USA,2006,Q1,,56,5,280,Green,Medium
2,2.2,Item,Bolts,Bolt Parts,Historical,USA,2006,Q2,,38,763,28994,Blue,Large
2,2.2,Item,Bolts,Bolt Parts,Historical,USA,2006,Q3,,26,460,11960,Red,Huge
2,2.2,Item,Bolts,Bolt Parts,Historical,USA,2006,Q4,,32,382,12224,Green,Small
2,2.2,Item,Bolts,Bolt Parts,Historical,APAC,2007,Q1,,40,16,640,Blue,Medium
2,2.2,Item,Bolts,Bolt Parts,Historical,APAC,2007,Q2,,4,664,2656,Red,Large
2,2.2,Item,Bolts,Bolt Parts,Historical,APAC,2007,Q3,,9,239,2151,Green,Huge
2,2.2,Item,Bolts,Bolt Parts,Historical,APAC,2007,Q4,,40,511,20440,Blue,Small
2,2.2,Item,Bolts,Bolt Parts,Historical,EUR,2007,Q1,,50,406,20300,Red,Medium
2,2.2,Item,Bolts,Bolt Parts,Historical,EUR,2007,Q2,,11,34,374,Green,Large
2,2.2,Item,Bolts,Bolt Parts,Historical,EUR,2007,Q3,,79,209,16511,Blue,Huge
2,2.2,Item,Bolts,Bolt Parts,Historical,EUR,2007,Q4,,102,316,32232,Red,Small
2,2.2,Item,Bolts,Bolt Parts,Historical,USA,2007,Q1,,71,392,27832,Green,Medium
2,2.2,Item,Bolts,Bolt Parts,Historical,USA,2007,Q2,,43,212,9116,Blue,Large
2,2.2,Item,Bolts,Bolt Parts,Historical,USA,2007,Q3,,4,101,404,Red,Huge
2,2.2,Item,Bolts,Bolt Parts,Historical,USA,2007,Q4,,2,16,32,Green,Small
2,2.2,Item,Bolts,Bolt Parts,Initial,APAC,2006,Q2,,69,170,11730,Blue,Medium
2,2.2,Item,Bolts,Bolt Parts,Initial,APAC,2006,Q3,,8,232,1856,Red,Large
2,2.2,Item,Bolts,Bolt Parts,Initial,APAC,2006,Q4,,44,378,16632,Green,Huge
2,2.2,Item,Bolts,Bolt Parts,Initial,EUR,2006,Q1,,31,743,23033,Blue,Small
2,2.2,Item,Bolts,Bolt Parts,Initial,EUR,2006,Q2,,52,14,728,Red,Medium
2,2.2,Item,Bolts,Bolt Parts,Initial,EUR,2006,Q3,,47,279,13113,Green,Large
2,2.2,Item,Bolts,Bolt Parts,Initial,EUR,2006,Q4,,76,146,11096,Blue,Huge
2,2.2,Item,Bolts,Bolt Parts,Initial,USA,2006,Q1,,58,633,36714,Red,Small
2,2.2,Item,Bolts,Bolt Parts,Initial,USA,2006,Q2,,16,282,4512,Green,Medium
2,2.2,Item,Bolts,Bolt Parts,Initial,USA,2006,Q3,,63,137,8631,Blue,Large
2,2.2,Item,Bolts,Bolt Parts,Initial,USA,2006,Q4,,9,485,4365,Red,Huge
2,2.2,Item,Bolts,Bolt Parts,Initial,APAC,2007,Q1,,20,382,7640,Green,Small
2,2.2,Item,Bolts,Bolt Parts,Initial,APAC,2007,Q2,,27,77,2079,Blue,Medium
2,2.2,Item,Bolts,Bolt Parts,Initial,APAC,2007,Q3,,92,53,4876,Red,Large
2,2.2,Item,Bolts,Bolt Parts,Initial,APAC,2007,Q4,,112,412,46144,Green,Huge
2,2.2,Item,Bolts,Bolt Parts,Initial,EUR,2007,Q1,,44,502,22088,Blue,Small
2,2.2,Item,Bolts,Bolt Parts,Initial,EUR,2007,Q2,,77,614,47278,Red,Medium
2,2.2,Item,Bolts,Bolt Parts,Initial,EUR,2007,Q3,,14,219,3066,Green,Large
2,2.2,Item,Bolts,Bolt Parts,Initial,EUR,2007,Q4,,1,800,800,Blue,Huge
2,2.2,Item,Bolts,Bolt Parts,Initial,USA,2007,Q1,,25,111,2775,Red,Small
2,2.2,Item,Bolts,Bolt Parts,Initial,USA,2007,Q2,,1,690,690,Green,Medium
2,2.2,Item,Bolts,Bolt Parts,Initial,USA,2007,Q3,,18,809,14562,Blue,Large
2,2.2,Item,Bolts,Bolt Parts,Initial,USA,2007,Q4,,30,93,2790,Red,Huge
2,2.2,Item,Bolts,Bolt Parts,Dell,APAC,2006,Q2,,14,52,728,Green,Small
2,2.2,Item,Bolts,Bolt Parts,Dell,APAC,2006,Q3,,21,31,651,Blue,Medium
2,2.2,Item,Bolts,Bolt Parts,Dell,APAC,2006,Q4,,52,435,22620,Red,Large
2,2.2,Item,Bolts,Bolt Parts,Dell,USA,2006,Q1,,2,176,352,Green,Huge
2,2.2,Item,Bolts,Bolt Parts,Dell,USA,2006,Q2,,22,580,12760,Blue,Small
2,2.2,Item,Bolts,Bolt Parts,Dell,USA,2006,Q3,,19,10,190,Red,Medium
2,2.2,Item,Bolts,Bolt Parts,Dell,USA,2006,Q4,,16,85,1360,Green,Large
2,2.2,Item,Bolts,Bolt Parts,Dell,APAC,2007,Q1,,18,304,5472,Blue,Huge
2,2.2,Item,Bolts,Bolt Parts,Dell,APAC,2007,Q2,,56,356,19936,Red,Small
2,2.2,Item,Bolts,Bolt Parts,Dell,APAC,2007,Q3,,38,21,798,Green,Medium
2,2.2,Item,Bolts,Bolt Parts,Dell,APAC,2007,Q4,,10,125,1250,Blue,Large
2,2.2,Item,Bolts,Bolt Parts,Dell,USA,2007,Q1,,1,213,213,Red,Huge
2,2.2,Item,Bolts,Bolt Parts,Dell,USA,2007,Q3,,9,60,540,Green,Small
2,2.2,Item,Bolts,Bolt Parts,Dell,USA,2007,Q4,,23,575,13225,Blue,Medium
2,2.2,Item,Bolts,Bolt Parts,Apple,APAC,2006,Q2,,1,1120,1120,Red,Large
2,2.2,Item,Bolts,Bolt Parts,Apple,APAC,2006,Q3,,8,220,1760,Green,Huge
2,2.2,Item,Bolts,Bolt Parts,Apple,APAC,2006,Q4,,22,90,1980,Blue,Small
2,2.2,Item,Bolts,Bolt Parts,Apple,EUR,2006,Q1,,32,172,5504,Red,Medium
2,2.2,Item,Bolts,Bolt Parts,Apple,EUR,2006,Q2,,48,581,27888,Green,Large
2,2.2,Item,Bolts,Bolt Parts,Apple,EUR,2006,Q3,,4,447,1788,Blue,Huge
2,2.2,Item,Bolts,Bolt Parts,Apple,EUR,2006,Q4,,58,243,14094,Red,Small
2,2.2,Item,Bolts,Bolt Parts,Apple,USA,2006,Q1,,38,112,4256,Green,Medium
2,2.2,Item,Bolts,Bolt Parts,Apple,USA,2006,Q2,,15,55,825,Blue,Large
2,2.2,Item,Bolts,Bolt Parts,Apple,USA,2006,Q3,,1,232,232,Red,Huge
2,2.2,Item,Bolts,Bolt Parts,Apple,USA,2006,Q4,,58,321,18618,Green,Small
2,2.2,Item,Bolts,Bolt Parts,Apple,APAC,2007,Q1,,8,890,7120,Blue,Medium
2,2.2,Item,Bolts,Bolt Parts,Apple,APAC,2007,Q2,,92,520,47840,Red,Large
2,2.2,Item,Bolts,Bolt Parts,Apple,APAC,2007,Q3,,103,72,7416,Green,Huge
2,2.2,Item,Bolts,Bolt Parts,Apple,APAC,2007,Q4,,29,780,22620,Blue,Small
2,2.2,Item,Bolts,Bolt Parts,Apple,EUR,2007,Q1,,73,780,56940,Red,Medium
2,2.2,Item,Bolts,Bolt Parts,Apple,EUR,2007,Q2,,22,355,7810,Green,Large
2,2.2,Item,Bolts,Bolt Parts,Apple,EUR,2007,Q3,,3,307,921,Blue,Huge
2,2.2,Item,Bolts,Bolt Parts,Apple,EUR,2007,Q4,,15,673,10095,Red,Small
2,2.2,Item,Bolts,Bolt Parts,Apple,USA,2007,Q1,,14,861,12054,Green,Medium
2,2.2,Item,Bolts,Bolt Parts,Apple,USA,2007,Q2,,56,487,27272,Blue,Large
2,2.2,Item,Bolts,Bolt Parts,Apple,USA,2007,Q3,,7,133,931,Red,Huge
2,2.2,Item,Bolts,Bolt Parts,Apple,USA,2007,Q4,,11,927,10197,Green,Small
2,2.2,Item,Bolts,Bolt Parts,HP,APAC,2006,Q2,,9,4,36,Blue,Medium
2,2.2,Item,Bolts,Bolt Parts,HP,APAC,2006,Q3,,22,555,12210,Red,Large
2,2.2,Item,Bolts,Bolt Parts,HP,APAC,2006,Q4,,1,363,363,Green,Huge
2,2.2,Item,Bolts,Bolt Parts,HP,EUR,2006,Q1,,48,198,9504,Blue,Small
2,2.2,Item,Bolts,Bolt Parts,HP,EUR,2006,Q2,,11,30,330,Red,Medium
2,2.2,Item,Bolts,Bolt Parts,HP,EUR,2006,Q3,,35,10,350,Green,Large
2,2.2,Item,Bolts,Bolt Parts,HP,EUR,2006,Q4,,12,554,6648,Blue,Huge
2,2.2,Item,Bolts,Bolt Parts,HP,USA,2006,Q1,,13,708,9204,Red,Small
2,2.2,Item,Bolts,Bolt Parts,HP,USA,2006,Q2,,10,342,3420,Green,Medium
2,2.2,Item,Bolts,Bolt Parts,HP,USA,2006,Q3,,31,450,13950,Blue,Large
2,2.2,Item,Bolts,Bolt Parts,HP,APAC,2007,Q1,,1,265,265,Red,Huge
2,2.2,Item,Bolts,Bolt Parts,HP,APAC,2007,Q2,,10,1047,10470,Green,Small
2,2.2,Item,Bolts,Bolt Parts,HP,APAC,2007,Q3,,22,932,20504,Blue,Medium
2,2.2,Item,Bolts,Bolt Parts,HP,APAC,2007,Q4,,1,357,357,Red,Large
2,2.2,Item,Bolts,Bolt Parts,HP,EUR,2007,Q1,,18,581,10458,Green,Huge
2,2.2,Item,Bolts,Bolt Parts,HP,EUR,2007,Q2,,78,180,14040,Blue,Small
2,2.2,Item,Bolts,Bolt Parts,HP,EUR,2007,Q3,,19,444,8436,Red,Medium
2,2.2,Item,Bolts,Bolt Parts,HP,EUR,2007,Q4,,91,673,61243,Green,Large
2,2.2,Item,Bolts,Bolt Parts,HP,USA,2007,Q1,,80,535,42800,Blue,Huge
2,2.2,Item,Bolts,Bolt Parts,HP,USA,2007,Q2,,4,583,2332,Red,Small
2,2.2,Item,Bolts,Bolt Parts,HP,USA,2007,Q3,,6,486,2916,Green,Medium
2,2.2,Item,Bolts,Bolt Parts,HP,USA,2007,Q4,,3,238,714,Blue,Large
2,2.2,Item,Bolts,Bolt Parts,Gateway,APAC,2006,Q2,,5,142,710,Red,Huge
2,2.2,Item,Bolts,Bolt Parts,Gateway,APAC,2006,Q3,,16,176,2816,Green,Small
2,2.2,Item,Bolts,Bolt Parts,Gateway,APAC,2006,Q4,,24,330,7920,Blue,Medium
2,2.2,Item,Bolts,Bolt Parts,Gateway,EUR,2006,Q1,,20,17,340,Red,Large
2,2.2,Item,Bolts,Bolt Parts,Gateway,EUR,2006,Q2,,7,488,3416,Green,Huge
2,2.2,Item,Bolts,Bolt Parts,Gateway,EUR,2006,Q3,,13,575,7475,Blue,Small
2,2.2,Item,Bolts,Bolt Parts,Gateway,EUR,2006,Q4,,35,983,34405,Red,Medium
2,2.2,Item,Bolts,Bolt Parts,Gateway,USA,2006,Q1,,11,142,1562,Green,Large
2,2.2,Item,Bolts,Bolt Parts,Gateway,USA,2006,Q2,,45,597,26865,Blue,Huge
2,2.2,Item,Bolts,Bolt Parts,Gateway,USA,2006,Q3,,2,91,182,Red,Small
2,2.2,Item,Bolts,Bolt Parts,Gateway,USA,2006,Q4,,32,52,1664,Green,Medium
2,2.2,Item,Bolts,Bolt Parts,Gateway,APAC,2007,Q1,,10,39,390,Blue,Large
2,2.2,Item,Bolts,Bolt Parts,Gateway,APAC,2007,Q2,,58,3,174,Red,Huge
2,2.2,Item,Bolts,Bolt Parts,Gateway,APAC,2007,Q3,,55,87,4785,Green,Small
2,2.2,Item,Bolts,Bolt Parts,Gateway,APAC,2007,Q4,,14,292,4088,Blue,Medium
2,2.2,Item,Bolts,Bolt Parts,Gateway,EUR,2007,Q1,,20,616,12320,Red,Large
2,2.2,Item,Bolts,Bolt Parts,Gateway,EUR,2007,Q2,,91,122,11102,Green,Huge
2,2.2,Item,Bolts,Bolt Parts,Gateway,EUR,2007,Q3,,19,439,8341,Blue,Small
2,2.2,Item,Bolts,Bolt Parts,Gateway,EUR,2007,Q4,,1,19,19,Red,Medium
2,2.2,Item,Bolts,Bolt Parts,Gateway,USA,2007,Q1,,17,24,408,Green,Large
2,2.2,Item,Bolts,Bolt Parts,Gateway,USA,2007,Q2,,2,389,778,Blue,Huge
2,2.2,Item,Bolts,Bolt Parts,Gateway,USA,2007,Q3,,15,420,6300,Red,Small
2,2.2,Item,Bolts,Bolt Parts,Gateway,USA,2007,Q4,,78,97,7566,Green,Medium
2,2.2,Item,Bolts,Bolt Parts,Lenovo,APAC,2006,Q2,,45,235,10575,Blue,Large
2,2.2,Item,Bolts,Bolt Parts,Lenovo,APAC,2006,Q3,,34,707,24038,Red,Huge
2,2.2,Item,Bolts,Bolt Parts,Lenovo,APAC,2006,Q4,,4,79,316,Green,Small
2,2.2,Item,Bolts,Bolt Parts,Lenovo,EUR,2006,Q1,,13,376,4888,Blue,Medium
2,2.2,Item,Bolts,Bolt Parts,Lenovo,EUR,2006,Q2,,30,445,13350,Red,Large
2,2.2,Item,Bolts,Bolt Parts,Lenovo,EUR,2006,Q3,,13,344,4472,Green,Huge
2,2.2,Item,Bolts,Bolt Parts,Lenovo,EUR,2006,Q4,,1,568,568,Blue,Small
2,2.2,Item,Bolts,Bolt Parts,Lenovo,USA,2006,Q1,,21,410,8610,Red,Medium
2,2.2,Item,Bolts,Bolt Parts,Lenovo,USA,2006,Q2,,1,597,597,Green,Large
2,2.2,Item,Bolts,Bolt Parts,Lenovo,USA,2006,Q3,,104,317,32968,Blue,Huge
2,2.2,Item,Bolts,Bolt Parts,Lenovo,USA,2006,Q4,,26,20,520,Red,Small
2,2.2,Item,Bolts,Bolt Parts,Lenovo,APAC,2007,Q1,,55,332,18260,Green,Medium
2,2.2,Item,Bolts,Bolt Parts,Lenovo,APAC,2007,Q2,,63,440,27720,Blue,Large
2,2.2,Item,Bolts,Bolt Parts,Lenovo,APAC,2007,Q3,,9,51,459,Red,Huge
2,2.2,Item,Bolts,Bolt Parts,Lenovo,APAC,2007,Q4,,14,114,1596,Green,Small
2,2.2,Item,Bolts,Bolt Parts,Lenovo,EUR,2007,Q1,,29,12,348,Blue,Medium
2,2.2,Item,Bolts,Bolt Parts,Lenovo,EUR,2007,Q2,,12,15,180,Red,Large
2,2.2,Item,Bolts,Bolt Parts,Lenovo,EUR,2007,Q3,,64,799,51136,Green,Huge
2,2.2,Item,Bolts,Bolt Parts,Lenovo,EUR,2007,Q4,,8,652,5216,Blue,Small
2,2.2,Item,Bolts,Bolt Parts,Lenovo,USA,2007,Q1,,5,418,2090,Red,Medium
2,2.2,Item,Bolts,Bolt Parts,Lenovo,USA,2007,Q2,,2,97,194,Green,Large
2,2.2,Item,Bolts,Bolt Parts,Lenovo,USA,2007,Q3,,78,137,10686,Blue,Huge
2,2.2,Item,Bolts,Bolt Parts,Lenovo,USA,2007,Q4,,75,264,19800,Red,Small
1,2.3,Section,Nuts,Nut Parts,,,,,,,,,,
2,2.3,Item,Nuts,Nut Parts,Best,APAC,2006,Q2,,43,229,9847,Green,Medium
2,2.3,Item,Nuts,Nut Parts,Best,APAC,2006,Q3,,39,218,8502,Blue,Large
2,2.3,Item,Nuts,Nut Parts,Best,APAC,2006,Q4,,39,24,936,Red,Huge
2,2.3,Item,Nuts,Nut Parts,Best,EUR,2006,Q1,,1,129,129,Green,Small
2,2.3,Item,Nuts,Nut Parts,Best,EUR,2006,Q2,,43,410,17630,Blue,Medium
2,2.3,Item,Nuts,Nut Parts,Best,EUR,2006,Q3,,11,310,3410,Red,Large
2,2.3,Item,Nuts,Nut Parts,Best,EUR,2006,Q4,,17,7,119,Green,Huge
2,2.3,Item,Nuts,Nut Parts,Best,USA,2006,Q1,,37,136,5032,Blue,Small
2,2.3,Item,Nuts,Nut Parts,Best,USA,2006,Q2,,41,337,13817,Red,Medium
2,2.3,Item,Nuts,Nut Parts,Best,USA,2006,Q3,,52,42,2184,Green,Large
2,2.3,Item,Nuts,Nut Parts,Best,USA,2006,Q4,,1,197,197,Blue,Huge
2,2.3,Item,Nuts,Nut Parts,Best,,2007,Q1,This is the answer!,1,61,61,Red,Small
2,2.3,Item,Nuts,Nut Parts,Best,APAC,2007,Q1,,1,61,61,Green,Medium
2,2.3,Item,Nuts,Nut Parts,Best,APAC,2007,Q2,,16,127,2032,Blue,Large
2,2.3,Item,Nuts,Nut Parts,Best,APAC,2007,Q3,,54,58,3132,Red,Huge
2,2.3,Item,Nuts,Nut Parts,Best,APAC,2007,Q4,,19,402,7638,Green,Small
2,2.3,Item,Nuts,Nut Parts,Best,EUR,2007,Q1,,25,20,500,Blue,Medium
2,2.3,Item,Nuts,Nut Parts,Best,EUR,2007,Q2,,18,79,1422,Red,Large
2,2.3,Item,Nuts,Nut Parts,Best,EUR,2007,Q3,,33,200,6600,Green,Huge
2,2.3,Item,Nuts,Nut Parts,Best,EUR,2007,Q4,,4,15,60,Blue,Small
2,2.3,Item,Nuts,Nut Parts,Best,USA,2007,Q1,,5,5,25,Red,Medium
2,2.3,Item,Nuts,Nut Parts,Best,USA,2007,Q2,,23,254,5842,Green,Large
2,2.3,Item,Nuts,Nut Parts,Best,USA,2007,Q3,,1,289,289,Blue,Huge
2,2.3,Item,Nuts,Nut Parts,Best,USA,2007,Q4,,31,24,744,Red,Small
2,2.3,Item,Nuts,Nut Parts,Historical,APAC,2006,Q2,,69,296,20424,Green,Medium
2,2.3,Item,Nuts,Nut Parts,Historical,APAC,2006,Q3,,23,150,3450,Blue,Large
2,2.3,Item,Nuts,Nut Parts,Historical,APAC,2006,Q4,,6,68,408,Red,Huge
2,2.3,Item,Nuts,Nut Parts,Historical,EUR,2006,Q1,,46,310,14260,Green,Small
2,2.3,Item,Nuts,Nut Parts,Historical,EUR,2006,Q2,,3,32,96,Blue,Medium
2,2.3,Item,Nuts,Nut Parts,Historical,EUR,2006,Q3,,1,568,568,Red,Large
2,2.3,Item,Nuts,Nut Parts,Historical,EUR,2006,Q4,,46,132,6072,Green,Huge
2,2.3,Item,Nuts,Nut Parts,Historical,USA,2006,Q1,,15,513,7695,Blue,Small
2,2.3,Item,Nuts,Nut Parts,Historical,USA,2006,Q2,,64,155,9920,Red,Medium
2,2.3,Item,Nuts,Nut Parts,Historical,USA,2006,Q3,,1,155,155,Green,Large
2,2.3,Item,Nuts,Nut Parts,Historical,USA,2006,Q4,,19,89,1691,Blue,Huge
2,2.3,Item,Nuts,Nut Parts,Historical,APAC,2007,Q1,,47,148,6956,Red,Small
2,2.3,Item,Nuts,Nut Parts,Historical,APAC,2007,Q2,,4,373,1492,Green,Medium
2,2.3,Item,Nuts,Nut Parts,Historical,APAC,2007,Q3,,17,437,7429,Blue,Large
2,2.3,Item,Nuts,Nut Parts,Historical,APAC,2007,Q4,,2,14,28,Red,Huge
2,2.3,Item,Nuts,Nut Parts,Historical,EUR,2007,Q1,,11,17,187,Green,Small
2,2.3,Item,Nuts,Nut Parts,Historical,EUR,2007,Q2,,1,3,3,Blue,Medium
2,2.3,Item,Nuts,Nut Parts,Historical,EUR,2007,Q3,,10,41,410,Red,Large
2,2.3,Item,Nuts,Nut Parts,Historical,EUR,2007,Q4,,5,109,545,Green,Huge
2,2.3,Item,Nuts,Nut Parts,Historical,USA,2007,Q1,,2,101,202,Blue,Small
2,2.3,Item,Nuts,Nut Parts,Historical,USA,2007,Q2,,24,46,1104,Red,Medium
2,2.3,Item,Nuts,Nut Parts,Historical,USA,2007,Q3,,41,240,9840,Green,Large
2,2.3,Item,Nuts,Nut Parts,Historical,USA,2007,Q4,,16,370,5920,Blue,Huge
2,2.3,Item,Nuts,Nut Parts,Initial,APAC,2006,Q2,,10,21,210,Red,Small
2,2.3,Item,Nuts,Nut Parts,Initial,APAC,2006,Q3,,75,204,15300,Green,Medium
2,2.3,Item,Nuts,Nut Parts,Initial,APAC,2006,Q4,,18,278,5004,Blue,Large
2,2.3,Item,Nuts,Nut Parts,Initial,EUR,2006,Q1,,26,188,4888,Red,Huge
2,2.3,Item,Nuts,Nut Parts,Initial,EUR,2006,Q2,,15,254,3810,Green,Small
2,2.3,Item,Nuts,Nut Parts,Initial,EUR,2006,Q3,,6,19,114,Blue,Medium
2,2.3,Item,Nuts,Nut Parts,Initial,EUR,2006,Q4,,26,257,6682,Red,Large
2,2.3,Item,Nuts,Nut Parts,Initial,USA,2006,Q1,,66,377,24882,Green,Huge
2,2.3,Item,Nuts,Nut Parts,Initial,USA,2006,Q2,,6,255,1530,Blue,Small
2,2.3,Item,Nuts,Nut Parts,Initial,USA,2006,Q3,,70,109,7630,Red,Medium
2,2.3,Item,Nuts,Nut Parts,Initial,USA,2006,Q4,,6,61,366,Green,Large
2,2.3,Item,Nuts,Nut Parts,Initial,APAC,2007,Q1,,47,164,7708,Blue,Huge
2,2.3,Item,Nuts,Nut Parts,Initial,APAC,2007,Q2,,4,241,964,Red,Small
2,2.3,Item,Nuts,Nut Parts,Initial,APAC,2007,Q3,,5,72,360,Green,Medium
2,2.3,Item,Nuts,Nut Parts,Initial,APAC,2007,Q4,,66,1,66,Blue,Large
2,2.3,Item,Nuts,Nut Parts,Initial,EUR,2007,Q1,,35,117,4095,Red,Huge
2,2.3,Item,Nuts,Nut Parts,Initial,EUR,2007,Q2,,16,222,3552,Green,Small
2,2.3,Item,Nuts,Nut Parts,Initial,EUR,2007,Q3,,20,344,6880,Blue,Medium
2,2.3,Item,Nuts,Nut Parts,Initial,EUR,2007,Q4,,9,130,1170,Red,Large
2,2.3,Item,Nuts,Nut Parts,Initial,USA,2007,Q1,,1,542,542,Green,Huge
2,2.3,Item,Nuts,Nut Parts,Initial,USA,2007,Q2,,3,105,315,Blue,Small
2,2.3,Item,Nuts,Nut Parts,Initial,USA,2007,Q3,,49,3,147,Red,Medium
2,2.3,Item,Nuts,Nut Parts,Initial,USA,2007,Q4,,8,28,224,Green,Large
2,2.3,Item,Nuts,Nut Parts,Dell,APAC,2006,Q2,,17,18,306,Blue,Huge
2,2.3,Item,Nuts,Nut Parts,Dell,APAC,2006,Q3,,29,190,5510,Red,Small
2,2.3,Item,Nuts,Nut Parts,Dell,APAC,2006,Q4,,4,375,1500,Green,Medium
2,2.3,Item,Nuts,Nut Parts,Dell,USA,2006,Q1,,38,293,11134,Blue,Large
2,2.3,Item,Nuts,Nut Parts,Dell,USA,2006,Q2,,17,15,255,Red,Huge
2,2.3,Item,Nuts,Nut Parts,Dell,USA,2006,Q3,,8,36,288,Green,Small
2,2.3,Item,Nuts,Nut Parts,Dell,USA,2006,Q4,,8,236,1888,Blue,Medium
2,2.3,Item,Nuts,Nut Parts,Dell,APAC,2007,Q1,,1,339,339,Red,Large
2,2.3,Item,Nuts,Nut Parts,Dell,APAC,2007,Q2,,62,253,15686,Green,Huge
2,2.3,Item,Nuts,Nut Parts,Dell,APAC,2007,Q3,,23,94,2162,Blue,Small
2,2.3,Item,Nuts,Nut Parts,Dell,APAC,2007,Q4,,31,250,7750,Red,Medium
2,2.3,Item,Nuts,Nut Parts,Dell,USA,2007,Q1,,20,289,5780,Green,Large
2,2.3,Item,Nuts,Nut Parts,Dell,USA,2007,Q2,,17,70,1190,Blue,Huge
2,2.3,Item,Nuts,Nut Parts,Dell,USA,2007,Q3,,30,326,9780,Red,Small
2,2.3,Item,Nuts,Nut Parts,Dell,USA,2007,Q4,,18,10,180,Green,Medium
2,2.3,Item,Nuts,Nut Parts,Apple,APAC,2006,Q2,,2,126,252,Blue,Large
2,2.3,Item,Nuts,Nut Parts,Apple,APAC,2006,Q3,,14,205,2870,Red,Huge
2,2.3,Item,Nuts,Nut Parts,Apple,APAC,2006,Q4,,21,471,9891,Green,Small
2,2.3,Item,Nuts,Nut Parts,Apple,EUR,2006,Q1,,49,110,5390,Blue,Medium
2,2.3,Item,Nuts,Nut Parts,Apple,EUR,2006,Q2,,37,42,1554,Red,Large
2,2.3,Item,Nuts,Nut Parts,Apple,EUR,2006,Q3,,23,18,414,Green,Huge
2,2.3,Item,Nuts,Nut Parts,Apple,EUR,2006,Q4,,24,9,216,Blue,Small
2,2.3,Item,Nuts,Nut Parts,Apple,USA,2006,Q1,,13,37,481,Red,Medium
2,2.3,Item,Nuts,Nut Parts,Apple,USA,2006,Q2,,5,42,210,Green,Large
2,2.3,Item,Nuts,Nut Parts,Apple,USA,2006,Q3,,6,123,738,Blue,Huge
2,2.3,Item,Nuts,Nut Parts,Apple,USA,2006,Q4,,18,47,846,Red,Small
2,2.3,Item,Nuts,Nut Parts,Apple,APAC,2007,Q1,,10,360,3600,Green,Medium
2,2.3,Item,Nuts,Nut Parts,Apple,APAC,2007,Q2,,14,155,2170,Blue,Large
2,2.3,Item,Nuts,Nut Parts,Apple,APAC,2007,Q3,,65,331,21515,Red,Huge
2,2.3,Item,Nuts,Nut Parts,Apple,APAC,2007,Q4,,2,59,118,Green,Small
2,2.3,Item,Nuts,Nut Parts,Apple,EUR,2007,Q1,,10,135,1350,Blue,Medium
2,2.3,Item,Nuts,Nut Parts,Apple,EUR,2007,Q2,,7,155,1085,Red,Large
2,2.3,Item,Nuts,Nut Parts,Apple,EUR,2007,Q3,,33,115,3795,Green,Huge
2,2.3,Item,Nuts,Nut Parts,Apple,EUR,2007,Q4,,4,681,2724,Blue,Small
2,2.3,Item,Nuts,Nut Parts,Apple,USA,2007,Q1,,43,389,16727,Red,Medium
2,2.3,Item,Nuts,Nut Parts,Apple,USA,2007,Q2,,48,276,13248,Green,Large
2,2.3,Item,Nuts,Nut Parts,Apple,USA,2007,Q3,,15,34,510,Blue,Huge
2,2.3,Item,Nuts,Nut Parts,Apple,USA,2007,Q4,,19,361,6859,Red,Small
2,2.3,Item,Nuts,Nut Parts,HP,APAC,2006,Q2,,2,6,12,Green,Medium
2,2.3,Item,Nuts,Nut Parts,HP,APAC,2006,Q3,,6,214,1284,Blue,Large
2,2.3,Item,Nuts,Nut Parts,HP,APAC,2006,Q4,,4,372,1488,Red,Huge
2,2.3,Item,Nuts,Nut Parts,HP,EUR,2006,Q1,,10,230,2300,Green,Small
2,2.3,Item,Nuts,Nut Parts,HP,EUR,2006,Q3,,6,294,1764,Blue,Medium
2,2.3,Item,Nuts,Nut Parts,HP,EUR,2006,Q4,,18,88,1584,Red,Large
2,2.3,Item,Nuts,Nut Parts,HP,USA,2006,Q1,,5,715,3575,Green,Huge
2,2.3,Item,Nuts,Nut Parts,HP,USA,2006,Q2,,3,567,1701,Blue,Small
2,2.3,Item,Nuts,Nut Parts,HP,USA,2006,Q3,,9,1,9,Red,Medium
2,2.3,Item,Nuts,Nut Parts,HP,USA,2006,Q4,,17,651,11067,Green,Large
2,2.3,Item,Nuts,Nut Parts,HP,APAC,2007,Q1,,7,24,168,Blue,Huge
2,2.3,Item,Nuts,Nut Parts,HP,APAC,2007,Q2,,8,43,344,Red,Small
2,2.3,Item,Nuts,Nut Parts,HP,APAC,2007,Q3,,41,102,4182,Green,Medium
2,2.3,Item,Nuts,Nut Parts,HP,APAC,2007,Q4,,1,646,646,Blue,Large
2,2.3,Item,Nuts,Nut Parts,HP,EUR,2007,Q1,,3,61,183,Red,Huge
2,2.3,Item,Nuts,Nut Parts,HP,EUR,2007,Q2,,33,78,2574,Green,Small
2,2.3,Item,Nuts,Nut Parts,HP,EUR,2007,Q3,,1,30,30,Blue,Medium
2,2.3,Item,Nuts,Nut Parts,HP,EUR,2007,Q4,,2,92,184,Red,Large
2,2.3,Item,Nuts,Nut Parts,HP,USA,2007,Q1,,11,45,495,Green,Huge
2,2.3,Item,Nuts,Nut Parts,HP,USA,2007,Q2,,25,179,4475,Blue,Small
2,2.3,Item,Nuts,Nut Parts,HP,USA,2007,Q3,,22,564,12408,Red,Medium
2,2.3,Item,Nuts,Nut Parts,HP,USA,2007,Q4,,2,99,198,Green,Large
2,2.3,Item,Nuts,Nut Parts,Gateway,APAC,2006,Q2,,14,21,294,Blue,Huge
2,2.3,Item,Nuts,Nut Parts,Gateway,APAC,2006,Q3,,10,598,5980,Red,Small
2,2.3,Item,Nuts,Nut Parts,Gateway,APAC,2006,Q4,,43,60,2580,Green,Medium
2,2.3,Item,Nuts,Nut Parts,Gateway,EUR,2006,Q1,,33,172,5676,Blue,Large
2,2.3,Item,Nuts,Nut Parts,Gateway,EUR,2006,Q2,,2,67,134,Red,Huge
2,2.3,Item,Nuts,Nut Parts,Gateway,EUR,2006,Q3,,55,196,10780,Green,Small
2,2.3,Item,Nuts,Nut Parts,Gateway,EUR,2006,Q4,,13,180,2340,Blue,Medium
2,2.3,Item,Nuts,Nut Parts,Gateway,USA,2006,Q1,,44,142,6248,Red,Large
2,2.3,Item,Nuts,Nut Parts,Gateway,USA,2006,Q2,,1,520,520,Green,Huge
2,2.3,Item,Nuts,Nut Parts,Gateway,USA,2006,Q3,,1,11,11,Blue,Small
2,2.3,Item,Nuts,Nut Parts,Gateway,USA,2006,Q4,,8,308,2464,Red,Medium
2,2.3,Item,Nuts,Nut Parts,Gateway,APAC,2007,Q1,,1,85,85,Green,Large
2,2.3,Item,Nuts,Nut Parts,Gateway,APAC,2007,Q2,,9,112,1008,Blue,Huge
2,2.3,Item,Nuts,Nut Parts,Gateway,APAC,2007,Q3,,5,107,535,Red,Small
2,2.3,Item,Nuts,Nut Parts,Gateway,APAC,2007,Q4,,37,94,3478,Green,Medium
2,2.3,Item,Nuts,Nut Parts,Gateway,EUR,2007,Q1,,1,337,337,Blue,Large
2,2.3,Item,Nuts,Nut Parts,Gateway,EUR,2007,Q2,,8,307,2456,Red,Huge
2,2.3,Item,Nuts,Nut Parts,Gateway,EUR,2007,Q3,,19,73,1387,Green,Small
2,2.3,Item,Nuts,Nut Parts,Gateway,EUR,2007,Q4,,13,125,1625,Blue,Medium
2,2.3,Item,Nuts,Nut Parts,Gateway,USA,2007,Q1,,14,35,490,Red,Large
2,2.3,Item,Nuts,Nut Parts,Gateway,USA,2007,Q2,,1,217,217,Green,Huge
2,2.3,Item,Nuts,Nut Parts,Gateway,USA,2007,Q3,,50,115,5750,Blue,Small
2,2.3,Item,Nuts,Nut Parts,Gateway,USA,2007,Q4,,8,256,2048,Red,Medium
2,2.3,Item,Nuts,Nut Parts,Lenovo,APAC,2006,Q2,,43,410,17630,Green,Large
2,2.3,Item,Nuts,Nut Parts,Lenovo,APAC,2006,Q3,,39,289,11271,Blue,Huge
2,2.3,Item,Nuts,Nut Parts,Lenovo,APAC,2006,Q4,,6,38,228,Red,Small
2,2.3,Item,Nuts,Nut Parts,Lenovo,EUR,2006,Q1,,1,16,16,Green,Medium
2,2.3,Item,Nuts,Nut Parts,Lenovo,EUR,2006,Q2,,9,49,441,Blue,Large
2,2.3,Item,Nuts,Nut Parts,Lenovo,EUR,2006,Q3,,17,420,7140,Red,Huge
2,2.3,Item,Nuts,Nut Parts,Lenovo,EUR,2006,Q4,,12,104,1248,Green,Small
2,2.3,Item,Nuts,Nut Parts,Lenovo,USA,2006,Q1,,24,27,648,Blue,Medium
2,2.3,Item,Nuts,Nut Parts,Lenovo,USA,2006,Q2,,20,273,5460,Red,Large
2,2.3,Item,Nuts,Nut Parts,Lenovo,USA,2006,Q3,,14,433,6062,Green,Huge
2,2.3,Item,Nuts,Nut Parts,Lenovo,USA,2006,Q4,,4,380,1520,Blue,Small
2,2.3,Item,Nuts,Nut Parts,Lenovo,APAC,2007,Q1,,2,149,298,Red,Medium
2,2.3,Item,Nuts,Nut Parts,Lenovo,APAC,2007,Q2,,9,394,3546,Green,Large
2,2.3,Item,Nuts,Nut Parts,Lenovo,APAC,2007,Q3,,26,106,2756,Blue,Huge
2,2.3,Item,Nuts,Nut Parts,Lenovo,APAC,2007,Q4,,6,532,3192,Red,Small
2,2.3,Item,Nuts,Nut Parts,Lenovo,EUR,2007,Q1,,9,94,846,Green,Medium
2,2.3,Item,Nuts,Nut Parts,Lenovo,EUR,2007,Q2,,52,23,1196,Blue,Large
2,2.3,Item,Nuts,Nut Parts,Lenovo,EUR,2007,Q3,,29,14,406,Red,Huge
2,2.3,Item,Nuts,Nut Parts,Lenovo,EUR,2007,Q4,,32,73,2336,Green,Small
2,2.3,Item,Nuts,Nut Parts,Lenovo,USA,2007,Q1,,13,34,442,Blue,Medium
2,2.3,Item,Nuts,Nut Parts,Lenovo,USA,2007,Q2,,22,255,5610,Red,Large
2,2.3,Item,Nuts,Nut Parts,Lenovo,USA,2007,Q3,,13,343,4459,Green,Huge
2,2.3,Item,Nuts,Nut Parts,Lenovo,USA,2007,Q4,,15,18,270,Blue,Small
2,2.3,Item,Nuts,Nut Parts,,,,,,12345,6789,1122334455,Red,Medium
1,2.4,Section,Screws,Screw Parts,,,,,,,,,,
2,2.4,Item,Screws,Screw Parts,Best,APAC,2006,Q2,,20,113,2260,Green,Large
2,2.4,Item,Screws,Screw Parts,Best,APAC,2006,Q3,,9,40,360,Blue,Huge
2,2.4,Item,Screws,Screw Parts,Best,APAC,2006,Q4,,2,6,12,Red,Small
2,2.4,Item,Screws,Screw Parts,Best,EUR,2006,Q1,,21,15,315,Green,Medium
2,2.4,Item,Screws,Screw Parts,Best,EUR,2006,Q2,,15,117,1755,Blue,Large
2,2.4,Item,Screws,Screw Parts,Best,EUR,2006,Q3,,10,0,0,Red,Huge
2,2.4,Item,Screws,Screw Parts,Best,EUR,2006,Q4,,22,164,3608,Green,Small
2,2.4,Item,Screws,Screw Parts,Best,USA,2006,Q1,,1,10,10,Blue,Medium
2,2.4,Item,Screws,Screw Parts,Best,USA,2006,Q2,,1,82,82,Red,Large
2,2.4,Item,Screws,Screw Parts,Best,USA,2006,Q3,,14,24,336,Green,Huge
2,2.4,Item,Screws,Screw Parts,Best,USA,2006,Q4,,10,36,360,Blue,Small
2,2.4,Item,Screws,Screw Parts,Best,APAC,2007,Q1,,2,88,176,Red,Medium
2,2.4,Item,Screws,Screw Parts,Best,APAC,2007,Q2,,7,88,616,Green,Large
2,2.4,Item,Screws,Screw Parts,Best,APAC,2007,Q3,,5,325,1625,Blue,Huge
2,2.4,Item,Screws,Screw Parts,Best,APAC,2007,Q4,,12,61,732,Red,Small
2,2.4,Item,Screws,Screw Parts,Best,EUR,2007,Q1,,8,117,936,Green,Medium
2,2.4,Item,Screws,Screw Parts,Best,EUR,2007,Q2,,4,230,920,Blue,Large
2,2.4,Item,Screws,Screw Parts,Best,EUR,2007,Q3,,2,155,310,Red,Huge
2,2.4,Item,Screws,Screw Parts,Best,EUR,2007,Q4,,17,125,2125,Green,Small
2,2.4,Item,Screws,Screw Parts,Best,USA,2007,Q1,,1,104,104,Blue,Medium
2,2.4,Item,Screws,Screw Parts,Best,USA,2007,Q2,,7,122,854,Red,Large
2,2.4,Item,Screws,Screw Parts,Best,USA,2007,Q3,,4,6,24,Green,Huge
2,2.4,Item,Screws,Screw Parts,Best,USA,2007,Q4,,8,313,2504,Blue,Small
2,2.4,Item,Screws,Screw Parts,Historical,APAC,2006,Q2,,12,31,372,Red,Medium
2,2.4,Item,Screws,Screw Parts,Historical,APAC,2006,Q3,,3,148,444,Green,Large
2,2.4,Item,Screws,Screw Parts,Historical,APAC,2006,Q4,,6,139,834,Blue,Huge
2,2.4,Item,Screws,Screw Parts,Historical,EUR,2006,Q1,,15,184,2760,Red,Small
2,2.4,Item,Screws,Screw Parts,Historical,EUR,2006,Q2,,4,86,344,Green,Medium
2,2.4,Item,Screws,Screw Parts,Historical,EUR,2006,Q3,,5,67,335,Blue,Large
2,2.4,Item,Screws,Screw Parts,Historical,EUR,2006,Q4,,8,49,392,Red,Huge
2,2.4,Item,Screws,Screw Parts,Historical,USA,2006,Q1,,12,173,2076,Green,Small
2,2.4,Item,Screws,Screw Parts,Historical,USA,2006,Q2,,4,76,304,Blue,Medium
2,2.4,Item,Screws,Screw Parts,Historical,USA,2006,Q3,,12,97,1164,Red,Large
2,2.4,Item,Screws,Screw Parts,Historical,USA,2006,Q4,,24,24,576,Green,Huge
2,2.4,Item,Screws,Screw Parts,Historical,APAC,2007,Q1,,6,127,762,Blue,Small
2,2.4,Item,Screws,Screw Parts,Historical,APAC,2007,Q2,,39,15,585,Red,Medium
2,2.4,Item,Screws,Screw Parts,Historical,APAC,2007,Q3,,24,29,696,Green,Large
2,2.4,Item,Screws,Screw Parts,Historical,APAC,2007,Q4,,8,96,768,Blue,Huge
2,2.4,Item,Screws,Screw Parts,Historical,EUR,2007,Q1,,1,108,108,Red,Small
2,2.4,Item,Screws,Screw Parts,Historical,EUR,2007,Q2,,24,318,7632,Green,Medium
2,2.4,Item,Screws,Screw Parts,Historical,EUR,2007,Q3,,15,44,660,Blue,Large
2,2.4,Item,Screws,Screw Parts,Historical,EUR,2007,Q4,,4,68,272,Red,Huge
2,2.4,Item,Screws,Screw Parts,Historical,USA,2007,Q1,,8,151,1208,Green,Small
2,2.4,Item,Screws,Screw Parts,Historical,USA,2007,Q2,,4,61,244,Blue,Medium
2,2.4,Item,Screws,Screw Parts,Historical,USA,2007,Q3,,2,227,454,Red,Large
2,2.4,Item,Screws,Screw Parts,Historical,USA,2007,Q4,,19,34,646,Green,Huge
2,2.4,Item,Screws,Screw Parts,Initial,APAC,2006,Q2,,21,258,5418,Blue,Small
2,2.4,Item,Screws,Screw Parts,Initial,APAC,2006,Q3,,10,157,1570,Red,Medium
2,2.4,Item,Screws,Screw Parts,Initial,APAC,2006,Q4,,25,54,1350,Green,Large
2,2.4,Item,Screws,Screw Parts,Initial,EUR,2006,Q1,,2,173,346,Blue,Huge
2,2.4,Item,Screws,Screw Parts,Initial,EUR,2006,Q2,,19,116,2204,Red,Small
2,2.4,Item,Screws,Screw Parts,Initial,EUR,2006,Q3,,18,50,900,Green,Medium
2,2.4,Item,Screws,Screw Parts,Initial,EUR,2006,Q4,,1,94,94,Blue,Large
2,2.4,Item,Screws,Screw Parts,Initial,USA,2006,Q1,,6,180,1080,Red,Huge
2,2.4,Item,Screws,Screw Parts,Initial,USA,2006,Q2,,11,12,132,Green,Small
2,2.4,Item,Screws,Screw Parts,Initial,USA,2006,Q3,,8,116,928,Blue,Medium
2,2.4,Item,Screws,Screw Parts,Initial,USA,2006,Q4,,15,55,825,Red,Large
2,2.4,Item,Screws,Screw Parts,Initial,APAC,2007,Q1,,1,64,64,Green,Huge
2,2.4,Item,Screws,Screw Parts,Initial,APAC,2007,Q2,,5,28,140,Blue,Small
2,2.4,Item,Screws,Screw Parts,Initial,APAC,2007,Q3,,4,18,72,Red,Medium
2,2.4,Item,Screws,Screw Parts,Initial,APAC,2007,Q4,,5,80,400,Green,Large
2,2.4,Item,Screws,Screw Parts,Initial,EUR,2007,Q1,,40,266,10640,Blue,Huge
2,2.4,Item,Screws,Screw Parts,Initial,EUR,2007,Q2,,13,125,1625,Red,Small
2,2.4,Item,Screws,Screw Parts,Initial,EUR,2007,Q3,,11,1,11,Green,Medium
2,2.4,Item,Screws,Screw Parts,Initial,EUR,2007,Q4,,12,34,408,Blue,Large
2,2.4,Item,Screws,Screw Parts,Initial,USA,2007,Q1,,17,92,1564,Red,Huge
2,2.4,Item,Screws,Screw Parts,Initial,USA,2007,Q2,,25,180,4500,Green,Small
2,2.4,Item,Screws,Screw Parts,Initial,USA,2007,Q3,,15,309,4635,Blue,Medium
2,2.4,Item,Screws,Screw Parts,Initial,USA,2007,Q4,,1,6,6,Red,Large
2,2.4,Item,Screws,Screw Parts,Dell,APAC,2006,Q2,,6,185,1110,Green,Huge
2,2.4,Item,Screws,Screw Parts,Dell,APAC,2006,Q3,,7,239,1673,Blue,Small
2,2.4,Item,Screws,Screw Parts,Dell,APAC,2006,Q4,,1,143,143,Red,Medium
2,2.4,Item,Screws,Screw Parts,Dell,USA,2006,Q1,,1,99,99,Green,Large
2,2.4,Item,Screws,Screw Parts,Dell,USA,2006,Q2,,12,58,696,Blue,Huge
2,2.4,Item,Screws,Screw Parts,Dell,USA,2006,Q3,,3,114,342,Red,Small
2,2.4,Item,Screws,Screw Parts,Dell,USA,2006,Q4,,1,56,56,Green,Medium
2,2.4,Item,Screws,Screw Parts,Dell,APAC,2007,Q1,,1,69,69,Blue,Large
2,2.4,Item,Screws,Screw Parts,Dell,APAC,2007,Q2,,1,31,31,Red,Huge
2,2.4,Item,Screws,Screw Parts,Dell,APAC,2007,Q3,,12,28,336,Green,Small
2,2.4,Item,Screws,Screw Parts,Dell,APAC,2007,Q4,,2,147,294,Blue,Medium
2,2.4,Item,Screws,Screw Parts,Dell,USA,2007,Q1,,1,78,78,Red,Large
2,2.4,Item,Screws,Screw Parts,Dell,USA,2007,Q2,,1,89,89,Green,Huge
2,2.4,Item,Screws,Screw Parts,Dell,USA,2007,Q3,,13,115,1495,Blue,Small
2,2.4,Item,Screws,Screw Parts,Dell,USA,2007,Q4,,2,73,146,Red,Medium
2,2.4,Item,Screws,Screw Parts,Apple,APAC,2006,Q2,,1,68,68,Green,Large
2,2.4,Item,Screws,Screw Parts,Apple,APAC,2006,Q3,,25,35,875,Blue,Huge
2,2.4,Item,Screws,Screw Parts,Apple,APAC,2006,Q4,,7,50,350,Red,Small
2,2.4,Item,Screws,Screw Parts,Apple,EUR,2006,Q1,,17,290,4930,Green,Medium
2,2.4,Item,Screws,Screw Parts,Apple,EUR,2006,Q2,,17,250,4250,Blue,Large
2,2.4,Item,Screws,Screw Parts,Apple,EUR,2006,Q3,,1,5,5,Red,Huge
2,2.4,Item,Screws,Screw Parts,Apple,EUR,2006,Q4,,1,72,72,Green,Small
2,2.4,Item,Screws,Screw Parts,Apple,USA,2006,Q1,,18,41,738,Blue,Medium
2,2.4,Item,Screws,Screw Parts,Apple,USA,2006,Q2,,7,22,154,Red,Large
2,2.4,Item,Screws,Screw Parts,Apple,USA,2006,Q3,,10,47,470,Green,Huge
2,2.4,Item,Screws,Screw Parts,Apple,USA,2006,Q4,,4,75,300,Blue,Small
2,2.4,Item,Screws,Screw Parts,Apple,APAC,2007,Q1,,3,214,642,Red,Medium
2,2.4,Item,Screws,Screw Parts,Apple,APAC,2007,Q2,,9,231,2079,Green,Large
2,2.4,Item,Screws,Screw Parts,Apple,APAC,2007,Q3,,9,22,198,Blue,Huge
2,2.4,Item,Screws,Screw Parts,Apple,APAC,2007,Q4,,8,62,496,Red,Small
2,2.4,Item,Screws,Screw Parts,Apple,EUR,2007,Q1,,13,86,1118,Green,Medium
2,2.4,Item,Screws,Screw Parts,Apple,EUR,2007,Q2,,4,29,116,Blue,Large
2,2.4,Item,Screws,Screw Parts,Apple,EUR,2007,Q3,,1,14,14,Red,Huge
2,2.4,Item,Screws,Screw Parts,Apple,EUR,2007,Q4,,10,147,1470,Green,Small
2,2.4,Item,Screws,Screw Parts,Apple,USA,2007,Q1,,13,2,26,Blue,Medium
2,2.4,Item,Screws,Screw Parts,Apple,USA,2007,Q2,,9,88,792,Red,Large
2,2.4,Item,Screws,Screw Parts,Apple,USA,2007,Q3,,8,49,392,Green,Huge
2,2.4,Item,Screws,Screw Parts,Apple,USA,2007,Q4,,12,42,504,Blue,Small
2,2.4,Item,Screws,Screw Parts,HP,APAC,2006,Q2,,4,246,984,Red,Medium
2,2.4,Item,Screws,Screw Parts,HP,APAC,2006,Q3,,9,145,1305,Green,Large
2,2.4,Item,Screws,Screw Parts,HP,APAC,2006,Q4,,6,207,1242,Blue,Huge
2,2.4,Item,Screws,Screw Parts,HP,EUR,2006,Q1,,11,74,814,Red,Small
2,2.4,Item,Screws,Screw Parts,HP,EUR,2006,Q3,,2,101,202,Green,Medium
2,2.4,Item,Screws,Screw Parts,HP,EUR,2006,Q4,,9,6,54,Blue,Large
2,2.4,Item,Screws,Screw Parts,HP,USA,2006,Q1,,12,56,672,Red,Huge
2,2.4,Item,Screws,Screw Parts,HP,USA,2006,Q2,,3,196,588,Green,Small
2,2.4,Item,Screws,Screw Parts,HP,USA,2006,Q3,,15,279,4185,Blue,Medium
2,2.4,Item,Screws,Screw Parts,HP,USA,2006,Q4,,1,5,5,Red,Large
2,2.4,Item,Screws,Screw Parts,HP,APAC,2007,Q1,,7,66,462,Green,Huge
2,2.4,Item,Screws,Screw Parts,HP,APAC,2007,Q2,,8,218,1744,Blue,Small
2,2.4,Item,Screws,Screw Parts,HP,APAC,2007,Q3,,14,52,728,Red,Medium
2,2.4,Item,Screws,Screw Parts,HP,APAC,2007,Q4,,2,83,166,Green,Large
2,2.4,Item,Screws,Screw Parts,HP,EUR,2007,Q1,,1,146,146,Blue,Huge
2,2.4,Item,Screws,Screw Parts,HP,EUR,2007,Q2,,11,61,671,Red,Small
2,2.4,Item,Screws,Screw Parts,HP,EUR,2007,Q3,,24,154,3696,Green,Medium
2,2.4,Item,Screws,Screw Parts,HP,EUR,2007,Q4,,8,72,576,Blue,Large
2,2.4,Item,Screws,Screw Parts,HP,USA,2007,Q1,,13,60,780,Red,Huge
2,2.4,Item,Screws,Screw Parts,HP,USA,2007,Q2,,1,359,359,Green,Small
2,2.4,Item,Screws,Screw Parts,HP,USA,2007,Q3,,2,60,120,Blue,Medium
2,2.4,Item,Screws,Screw Parts,HP,USA,2007,Q4,,3,23,69,Red,Large
2,2.4,Item,Screws,Screw Parts,Gateway,APAC,2006,Q2,,28,82,2296,Green,Huge
2,2.4,Item,Screws,Screw Parts,Gateway,APAC,2006,Q3,,3,216,648,Blue,Small
2,2.4,Item,Screws,Screw Parts,Gateway,APAC,2006,Q4,,12,150,1800,Red,Medium
2,2.4,Item,Screws,Screw Parts,Gateway,EUR,2006,Q1,,1,66,66,Green,Large
2,2.4,Item,Screws,Screw Parts,Gateway,EUR,2006,Q2,,16,6,96,Blue,Huge
2,2.4,Item,Screws,Screw Parts,Gateway,EUR,2006,Q3,,8,162,1296,Red,Small
2,2.4,Item,Screws,Screw Parts,Gateway,EUR,2006,Q4,,28,25,700,Green,Medium
2,2.4,Item,Screws,Screw Parts,Gateway,USA,2006,Q1,,14,96,1344,Blue,Large
2,2.4,Item,Screws,Screw Parts,Gateway,USA,2006,Q2,,6,114,684,Red,Huge
2,2.4,Item,Screws,Screw Parts,Gateway,USA,2006,Q3,,13,351,4563,Green,Small
2,2.4,Item,Screws,Screw Parts,Gateway,USA,2006,Q4,,2,18,36,Blue,Medium
2,2.4,Item,Screws,Screw Parts,Gateway,APAC,2007,Q1,,2,137,274,Red,Large
2,2.4,Item,Screws,Screw Parts,Gateway,APAC,2007,Q2,,1,86,86,Green,Huge
2,2.4,Item,Screws,Screw Parts,Gateway,APAC,2007,Q3,,4,144,576,Blue,Small
2,2.4,Item,Screws,Screw Parts,Gateway,APAC,2007,Q4,,1,168,168,Red,Medium
2,2.4,Item,Screws,Screw Parts,Gateway,EUR,2007,Q1,,15,223,3345,Green,Large
2,2.4,Item,Screws,Screw Parts,Gateway,EUR,2007,Q2,,2,29,58,Blue,Huge
2,2.4,Item,Screws,Screw Parts,Gateway,EUR,2007,Q3,,2,8,16,Red,Small
2,2.4,Item,Screws,Screw Parts,Gateway,EUR,2007,Q4,,2,21,42,Green,Medium
2,2.4,Item,Screws,Screw Parts,Gateway,USA,2007,Q1,,2,39,78,Blue,Large
2,2.4,Item,Screws,Screw Parts,Gateway,USA,2007,Q2,,16,6,96,Red,Huge
2,2.4,Item,Screws,Screw Parts,Gateway,USA,2007,Q3,,1,34,34,Green,Small
2,2.4,Item,Screws,Screw Parts,Gateway,USA,2007,Q4,,9,156,1404,Blue,Medium
2,2.4,Item,Screws,Screw Parts,Lenovo,APAC,2006,Q2,,4,48,192,Red,Large
2,2.4,Item,Screws,Screw Parts,Lenovo,APAC,2006,Q3,,17,6,102,Green,Huge
2,2.4,Item,Screws,Screw Parts,Lenovo,APAC,2006,Q4,,1,41,41,Blue,Small
2,2.4,Item,Screws,Screw Parts,Lenovo,EUR,2006,Q1,,10,68,680,Red,Medium
2,2.4,Item,Screws,Screw Parts,Lenovo,EUR,2006,Q2,,2,19,38,Green,Large
2,2.4,Item,Screws,Screw Parts,Lenovo,EUR,2006,Q3,,7,120,840,Blue,Huge
2,2.4,Item,Screws,Screw Parts,Lenovo,EUR,2006,Q4,,13,38,494,Red,Small
2,2.4,Item,Screws,Screw Parts,Lenovo,USA,2006,Q1,,2,60,120,Green,Medium
2,2.4,Item,Screws,Screw Parts,Lenovo,USA,2006,Q2,,7,6,42,Blue,Large
2,2.4,Item,Screws,Screw Parts,Lenovo,USA,2006,Q3,,2,64,128,Red,Huge
2,2.4,Item,Screws,Screw Parts,Lenovo,USA,2006,Q4,,11,156,1716,Green,Small
2,2.4,Item,Screws,Screw Parts,Lenovo,APAC,2007,Q1,,6,51,306,Blue,Medium
2,2.4,Item,Screws,Screw Parts,Lenovo,APAC,2007,Q2,,8,5,40,Red,Large
2,2.4,Item,Screws,Screw Parts,Lenovo,APAC,2007,Q3,,1,15,15,Green,Huge
2,2.4,Item,Screws,Screw Parts,Lenovo,APAC,2007,Q4,,1,7,7,Blue,Small
2,2.4,Item,Screws,Screw Parts,Lenovo,EUR,2007,Q1,,7,124,868,Red,Medium
2,2.4,Item,Screws,Screw Parts,Lenovo,EUR,2007,Q2,,1,133,133,Green,Large
2,2.4,Item,Screws,Screw Parts,Lenovo,EUR,2007,Q3,,4,26,104,Blue,Huge
2,2.4,Item,Screws,Screw Parts,Lenovo,EUR,2007,Q4,,7,0,0,Red,Small
2,2.4,Item,Screws,Screw Parts,Lenovo,USA,2007,Q1,,12,102,1224,Green,Medium
2,2.4,Item,Screws,Screw Parts,Lenovo,USA,2007,Q2,,13,94,1222,Blue,Large
2,2.4,Item,Screws,Screw Parts,Lenovo,USA,2007,Q3,,1,170,170,Red,Huge
2,2.4,Item,Screws,Screw Parts,Lenovo,USA,2007,Q4,,15,28,420,Green,Small
